{
  "patients": [
    {
      "name": "Ashok S K",
      "dob": "1992-06-12T18:30:00.000Z",
      "age": 26,
      "phone": "4884484848",
      "email": "sk.ashok1@gmail.com",
      "address": "no 4",
      "visitdate": "2019-02-17T18:30:00.000Z",
      "id": 1
    },
    {
      "name": "Shashi",
      "dob": "1992-06-29T18:30:00.000Z",
      "age": 26,
      "phone": "9939393939",
      "email": "shashi@gmail.com",
      "address": "no 2",
      "height": "172",
      "weight": "72",
      "visitdate": "2019-02-17T18:30:00.000Z",
      "id": 2
    }
  ],
  "visits": [
    {
      "patientid": 2,
      "lastvisit": "2019-02-16T18:30:00.000Z",
      "doctorname": "Ajay",
      "comments": "abcde",
      "nextvisit": "2019-02-19T18:30:00.000Z",
      "medicine": "paracitamal",
      "others": "xyz",
      "id": 1
    },
    {
      "patientid": 1,
      "lastvisit": "2019-02-16T18:30:00.000Z",
      "doctorname": "Vijay",
      "comments": "abcde",
      "nextvisit": "2019-02-20T18:30:00.000Z",
      "medicine": "crocin",
      "others": "nil",
      "id": 2
    }
  ]
}